{
	"info": {
		"_postman_id": "4aad8b68-72ab-4430-b0f1-bab350281052",
		"name": "Threats (Cylance API)",
		"schema": "https://schema.getpostman.com/json/collection/v2.1.0/collection.json"
	},
	"item": [
		{
			"name": "Get Threat",
			"request": {
				"method": "GET",
				"header": [
					{
						"key": "Accept",
						"value": "application/json"
					},
					{
						"key": "Authorization",
						"value": "Bearer {{jwt-token}}"
					}
				],
				"body": {
					"mode": "raw",
					"raw": ""
				},
				"url": {
					"raw": "https://protectapi{{region-code}}.cylance.com/threats/v2/{{threat_sha256}}",
					"protocol": "https",
					"host": [
						"protectapi{{region-code}}",
						"cylance",
						"com"
					],
					"path": [
						"threats",
						"v2",
						"{{threat_sha256}}"
					]
				}
			},
			"response": []
		},
		{
			"name": "Get Threats",
			"request": {
				"method": "GET",
				"header": [
					{
						"key": "Accept",
						"value": "application/json"
					},
					{
						"key": "Authorization",
						"value": "Bearer {{jwt-token}}"
					}
				],
				"body": {
					"mode": "raw",
					"raw": ""
				},
				"url": {
					"raw": "https://protectapi{{region-code}}.cylance.com/threats/v2?page={{page_number}}&page_size={{page_size}}",
					"protocol": "https",
					"host": [
						"protectapi{{region-code}}",
						"cylance",
						"com"
					],
					"path": [
						"threats",
						"v2"
					],
					"query": [
						{
							"key": "page",
							"value": "{{page_number}}"
						},
						{
							"key": "page_size",
							"value": "{{page_size}}"
						}
					]
				}
			},
			"response": []
		},
		{
			"name": "Get Threat Devices",
			"request": {
				"method": "GET",
				"header": [
					{
						"key": "Accept",
						"value": "application/json"
					},
					{
						"key": "Authorization",
						"value": "Bearer {{jwt-token}}"
					}
				],
				"body": {
					"mode": "raw",
					"raw": ""
				},
				"url": {
					"raw": "https://protectapi{{region-code}}.cylance.com/threats/v2/{{threat_sha256}}/devices?page={{page_number}}&page_size={{page_size}}",
					"protocol": "https",
					"host": [
						"protectapi{{region-code}}",
						"cylance",
						"com"
					],
					"path": [
						"threats",
						"v2",
						"{{threat_sha256}}",
						"devices"
					],
					"query": [
						{
							"key": "page",
							"value": "{{page_number}}"
						},
						{
							"key": "page_size",
							"value": "{{page_size}}"
						}
					]
				}
			},
			"response": []
		},
		{
			"name": "Get Threat Download URL",
			"request": {
				"method": "GET",
				"header": [
					{
						"key": "Accept",
						"value": "application/json"
					},
					{
						"key": "Authorization",
						"value": "Bearer {{jwt-token}}"
					}
				],
				"body": {
					"mode": "raw",
					"raw": ""
				},
				"url": {
					"raw": "https://protectapi{{region-code}}.cylance.com/threats/v2/download/{{threat_sha256}}",
					"protocol": "https",
					"host": [
						"protectapi{{region-code}}",
						"cylance",
						"com"
					],
					"path": [
						"threats",
						"v2",
						"download",
						"{{threat_sha256}}"
					]
				}
			},
			"response": []
		}
	]
}