{
	"id": "bfaf715c-f9bc-4b80-845a-c8fe58bb2286",
	"name": "Cylance API",
	"values": [
		{
			"key": "region-code",
			"value": "",
			"description": "",
			"enabled": true
		},
		{
			"key": "jwt-token",
			"value": "",
			"description": "",
			"enabled": true
		},
		{
			"key": "user_id",
			"value": "",
			"description": "",
			"enabled": true
		},
		{
			"key": "user_email_address",
			"value": "",
			"description": "",
			"enabled": true
		},
		{
			"key": "page_number",
			"value": "1",
			"description": "",
			"enabled": true
		},
		{
			"key": "page_size",
			"value": "20",
			"description": "",
			"enabled": true
		},
		{
			"key": "device_id",
			"value": "",
			"description": "",
			"enabled": true
		},
		{
			"key": "zone_id",
			"value": "",
			"description": "",
			"enabled": true
		},
		{
			"key": "product",
			"value": "",
			"description": "",
			"enabled": true
		},
		{
			"key": "os",
			"value": "",
			"description": "",
			"enabled": true
		},
		{
			"key": "package",
			"value": "",
			"description": "",
			"enabled": true
		},
		{
			"key": "architecture",
			"value": "",
			"description": "",
			"enabled": true
		},
		{
			"key": "build",
			"value": "",
			"description": "",
			"enabled": true
		},
		{
			"key": "mac_address",
			"value": "",
			"description": "",
			"enabled": true
		},
		{
			"key": "list_type_id",
			"value": "",
			"description": "",
			"enabled": true
		},
		{
			"key": "policy_id",
			"value": "",
			"description": "",
			"enabled": true
		},
		{
			"key": "threat_sha256",
			"value": "",
			"description": "",
			"enabled": true
		},
		{
			"key": "query_id",
			"value": "",
			"description": "",
			"enabled": true
		},
		{
			"key": "lockdown_expiration",
			"value": "0:00:05",
			"description": "",
			"enabled": true
		},
		{
			"key": "focus_id",
			"value": "",
			"description": "",
			"enabled": true
		},
		{
			"key": "exception_id",
			"value": "",
			"description": "",
			"enabled": true
		},
		{
			"key": "rule_id",
			"value": "",
			"description": "",
			"enabled": true
		},
		{
			"key": "ruleset_id",
			"value": "",
			"description": "",
			"enabled": true
		},
		{
			"key": "detection_id",
			"value": "",
			"description": "",
			"enabled": true
		},
		{
			"key": "recent_detection_datetime",
			"value": "",
			"description": "",
			"enabled": true
		},
		{
			"key": "detection_start_timestamp",
			"value": "",
			"type": "text",
			"description": "",
			"enabled": true
		},
		{
			"key": "detection_end_timestamp",
			"value": "",
			"type": "text",
			"description": "",
			"enabled": true
		},
		{
			"key": "detection_interval",
			"value": "",
			"type": "text",
			"description": "",
			"enabled": true
		}
	],
	"_postman_variable_scope": "environment",
	"_postman_exported_at": "2018-12-11T23:17:29.828Z",
	"_postman_exported_using": "Postman/6.6.1"
}