{
	"info": {
		"_postman_id": "9fd08e89-e667-4c25-8f9e-885982213775",
		"name": "Detection Rules (Cylance API)",
		"schema": "https://schema.getpostman.com/json/collection/v2.1.0/collection.json"
	},
	"item": [
		{
			"name": "Get Detection Rules List",
			"protocolProfileBehavior": {
				"disableBodyPruning": true
			},
			"request": {
				"method": "GET",
				"header": [
					{
						"key": "Accept",
						"value": "application/json"
					},
					{
						"key": "Authorization",
						"value": "Bearer {{jwt-token}}"
					},
					{
						"key": "Content-Type",
						"name": "Content-Type",
						"type": "text",
						"value": "application/json"
					}
				],
				"body": {
					"mode": "raw",
					"raw": ""
				},
				"url": {
					"raw": "https://protectapi{{region-code}}.cylance.com/rules/v2?page={{page_number}}&page_size={{page_size}}",
					"protocol": "https",
					"host": [
						"protectapi{{region-code}}",
						"cylance",
						"com"
					],
					"path": [
						"rules",
						"v2"
					],
					"query": [
						{
							"key": "page",
							"value": "{{page_number}}"
						},
						{
							"key": "page_size",
							"value": "{{page_size}}"
						}
					]
				}
			},
			"response": []
		},
		{
			"name": "Get Detection Rules CSV List",
			"protocolProfileBehavior": {
				"disableBodyPruning": true
			},
			"request": {
				"method": "GET",
				"header": [
					{
						"key": "Accept",
						"value": "application/json"
					},
					{
						"key": "Authorization",
						"value": "Bearer {{jwt-token}}"
					},
					{
						"key": "Content-Type",
						"name": "Content-Type",
						"type": "text",
						"value": "application/json"
					}
				],
				"body": {
					"mode": "raw",
					"raw": ""
				},
				"url": {
					"raw": "https://protectapi{{region-code}}.cylance.com/rules/v2/csv",
					"protocol": "https",
					"host": [
						"protectapi{{region-code}}",
						"cylance",
						"com"
					],
					"path": [
						"rules",
						"v2",
						"csv"
					]
				}
			},
			"response": []
		},
		{
			"name": "Get Detection Rule",
			"protocolProfileBehavior": {
				"disableBodyPruning": true
			},
			"request": {
				"method": "GET",
				"header": [
					{
						"key": "Accept",
						"value": "application/json"
					},
					{
						"key": "Authorization",
						"value": "Bearer {{jwt-token}}"
					},
					{
						"key": "Content-Type",
						"name": "Content-Type",
						"type": "text",
						"value": "application/json"
					}
				],
				"body": {
					"mode": "raw",
					"raw": ""
				},
				"url": {
					"raw": "https://protectapi{{region-code}}.cylance.com/rules/v2/{{rule_id}}",
					"protocol": "https",
					"host": [
						"protectapi{{region-code}}",
						"cylance",
						"com"
					],
					"path": [
						"rules",
						"v2",
						"{{rule_id}}"
					]
				}
			},
			"response": []
		},
		{
			"name": "Validate Detection Rule",
			"request": {
				"method": "POST",
				"header": [
					{
						"key": "Accept",
						"value": "application/json"
					},
					{
						"key": "Authorization",
						"value": "Bearer {{jwt-token}}"
					},
					{
						"key": "Content-Type",
						"name": "Content-Type",
						"type": "text",
						"value": "application/json"
					}
				],
				"body": {
					"mode": "raw",
					"raw": "{\n\t\"detection_rule_content\": \"goes_here\"\n}"
				},
				"url": {
					"raw": "https://protectapi{{region-code}}.cylance.com/rules/v2/validate",
					"protocol": "https",
					"host": [
						"protectapi{{region-code}}",
						"cylance",
						"com"
					],
					"path": [
						"rules",
						"v2",
						"validate"
					]
				}
			},
			"response": []
		},
		{
			"name": "Create Detection Rule",
			"request": {
				"method": "POST",
				"header": [
					{
						"key": "Accept",
						"value": "application/json"
					},
					{
						"key": "Authorization",
						"value": "Bearer {{jwt-token}}"
					},
					{
						"key": "Content-Type",
						"name": "Content-Type",
						"type": "text",
						"value": "application/json"
					}
				],
				"body": {
					"mode": "raw",
					"raw": "{\n\t\"detection_rule_content\": \"goes_here\"\n}"
				},
				"url": {
					"raw": "https://protectapi{{region-code}}.cylance.com/rules/v2",
					"protocol": "https",
					"host": [
						"protectapi{{region-code}}",
						"cylance",
						"com"
					],
					"path": [
						"rules",
						"v2"
					]
				}
			},
			"response": []
		},
		{
			"name": "Update Detection Rule",
			"request": {
				"method": "PUT",
				"header": [
					{
						"key": "Accept",
						"value": "application/json"
					},
					{
						"key": "Authorization",
						"value": "Bearer {{jwt-token}}"
					},
					{
						"key": "Content-Type",
						"name": "Content-Type",
						"type": "text",
						"value": "application/json"
					}
				],
				"body": {
					"mode": "raw",
					"raw": "{\r\n\t\"detection_rule_content\": \"goes_here\"\r\n}"
				},
				"url": {
					"raw": "https://protectapi{{region-code}}.cylance.com/rules/v2/{{rule_id}}",
					"protocol": "https",
					"host": [
						"protectapi{{region-code}}",
						"cylance",
						"com"
					],
					"path": [
						"rules",
						"v2",
						"{{rule_id}}"
					]
				}
			},
			"response": []
		},
		{
			"name": "Deactive / Delete Detection Rule",
			"request": {
				"method": "POST",
				"header": [
					{
						"key": "Accept",
						"value": "application/json"
					},
					{
						"key": "Authorization",
						"value": "Bearer {{jwt-token}}"
					},
					{
						"key": "Content-Type",
						"name": "Content-Type",
						"type": "text",
						"value": "application/json"
					}
				],
				"body": {
					"mode": "raw",
					"raw": ""
				},
				"url": {
					"raw": "https://protectapi{{region-code}}.cylance.com/rules/v2/{{rule_id}}/deactivate",
					"protocol": "https",
					"host": [
						"protectapi{{region-code}}",
						"cylance",
						"com"
					],
					"path": [
						"rules",
						"v2",
						"{{rule_id}}",
						"deactivate"
					]
				}
			},
			"response": []
		},
		{
			"name": "Get Detection Rule Natural Language",
			"protocolProfileBehavior": {
				"disableBodyPruning": true
			},
			"request": {
				"method": "GET",
				"header": [
					{
						"key": "Accept",
						"value": "application/json"
					},
					{
						"key": "Authorization",
						"value": "Bearer {{jwt-token}}"
					},
					{
						"key": "Content-Type",
						"name": "Content-Type",
						"type": "text",
						"value": "application/json"
					}
				],
				"body": {
					"mode": "raw",
					"raw": ""
				},
				"url": {
					"raw": "https://protectapi{{region-code}}.cylance.com/rules/v2/{{rule_id}}/natlang",
					"protocol": "https",
					"host": [
						"protectapi{{region-code}}",
						"cylance",
						"com"
					],
					"path": [
						"rules",
						"v2",
						"{{rule_id}}",
						"natlang"
					]
				}
			},
			"response": []
		},
		{
			"name": "Get Detection Rule Counts",
			"protocolProfileBehavior": {
				"disableBodyPruning": true
			},
			"request": {
				"method": "GET",
				"header": [
					{
						"key": "Accept",
						"value": "application/json"
					},
					{
						"key": "Authorization",
						"value": "Bearer {{jwt-token}}"
					},
					{
						"key": "Content-Type",
						"name": "Content-Type",
						"type": "text",
						"value": "application/json"
					}
				],
				"body": {
					"mode": "raw",
					"raw": ""
				},
				"url": {
					"raw": "https://protectapi{{region-code}}.cylance.com/rules/v2/{{rule_id}}/counts",
					"protocol": "https",
					"host": [
						"protectapi{{region-code}}",
						"cylance",
						"com"
					],
					"path": [
						"rules",
						"v2",
						"{{rule_id}}",
						"counts"
					]
				}
			},
			"response": []
		}
	]
}