{
	"info": {
		"_postman_id": "993bcd79-4a1a-4974-a505-187fce034065",
		"name": "InstaQuery (Cylance API)",
		"schema": "https://schema.getpostman.com/json/collection/v2.1.0/collection.json"
	},
	"item": [
		{
			"name": "Create InstaQuery",
			"request": {
				"method": "POST",
				"header": [
					{
						"key": "Accept",
						"value": "application/json"
					},
					{
						"key": "Authorization",
						"value": "Bearer {{jwt-token}}"
					},
					{
						"key": "Content-Type",
						"name": "Content-Type",
						"value": "application/json",
						"type": "text"
					}
				],
				"body": {
					"mode": "raw",
					"raw": "{\n\t\"name\": \"string\",\n\t\"description\": \"string\",\n\t\"artifact\": \"artifact_type\",\n\t\"match_value_type\": \"match_value\",\n\t\"match_values\": [\n\t\t\"match_value_1\"\n\t],\n\t\"case_sensitive\": false,\n\t\"match_type\": \"Fuzzy\",\n\t\"zones\": [\n\t\t\"zone_id\"\n\t]\n}"
				},
				"url": {
					"raw": "https://protectapi{{region-code}}.cylance.com/instaqueries/v2",
					"protocol": "https",
					"host": [
						"protectapi{{region-code}}",
						"cylance",
						"com"
					],
					"path": [
						"instaqueries",
						"v2"
					]
				}
			},
			"response": []
		},
		{
			"name": "Get InstaQueries",
			"protocolProfileBehavior": {
				"disableBodyPruning": true
			},
			"request": {
				"method": "GET",
				"header": [
					{
						"key": "Accept",
						"value": "application/json",
						"type": "text"
					},
					{
						"key": "Authorization",
						"value": "Bearer {{jwt-token}}",
						"type": "text"
					},
					{
						"key": "Content-Type",
						"value": "application/json",
						"type": "text"
					}
				],
				"body": {
					"mode": "raw",
					"raw": ""
				},
				"url": {
					"raw": "https://protectapi{{region-code}}.cylance.com/instaqueries/v2?page={{page_number}}&page_size={{page_size}}",
					"protocol": "https",
					"host": [
						"protectapi{{region-code}}",
						"cylance",
						"com"
					],
					"path": [
						"instaqueries",
						"v2"
					],
					"query": [
						{
							"key": "page",
							"value": "{{page_number}}"
						},
						{
							"key": "page_size",
							"value": "{{page_size}}"
						}
					]
				}
			},
			"response": []
		},
		{
			"name": "Get InstaQuery",
			"protocolProfileBehavior": {
				"disableBodyPruning": true
			},
			"request": {
				"method": "GET",
				"header": [
					{
						"key": "Accept",
						"type": "text",
						"value": "application/json"
					},
					{
						"key": "Authorization",
						"type": "text",
						"value": "Bearer {{jwt-token}}"
					},
					{
						"key": "Content-Type",
						"type": "text",
						"value": "application/json"
					}
				],
				"body": {
					"mode": "raw",
					"raw": ""
				},
				"url": {
					"raw": "https://protectapi{{region-code}}.cylance.com/instaqueries/v2/{{query_id}}",
					"protocol": "https",
					"host": [
						"protectapi{{region-code}}",
						"cylance",
						"com"
					],
					"path": [
						"instaqueries",
						"v2",
						"{{query_id}}"
					]
				}
			},
			"response": []
		},
		{
			"name": "Get InstaQuery Results",
			"protocolProfileBehavior": {
				"disableBodyPruning": true
			},
			"request": {
				"method": "GET",
				"header": [
					{
						"key": "Accept",
						"type": "text",
						"value": "application/json"
					},
					{
						"key": "Authorization",
						"type": "text",
						"value": "Bearer {{jwt-token}}"
					},
					{
						"key": "Content-Type",
						"type": "text",
						"value": "application/json"
					}
				],
				"body": {
					"mode": "raw",
					"raw": ""
				},
				"url": {
					"raw": "https://protectapi{{region-code}}.cylance.com/instaqueries/v2/{{query_id}}/results",
					"protocol": "https",
					"host": [
						"protectapi{{region-code}}",
						"cylance",
						"com"
					],
					"path": [
						"instaqueries",
						"v2",
						"{{query_id}}",
						"results"
					]
				}
			},
			"response": []
		},
		{
			"name": "Archive InstaQuery",
			"request": {
				"method": "POST",
				"header": [
					{
						"key": "Accept",
						"type": "text",
						"value": "application/json"
					},
					{
						"key": "Authorization",
						"type": "text",
						"value": "Bearer {{jwt-token}}"
					},
					{
						"key": "Content-Type",
						"type": "text",
						"value": "application/json"
					}
				],
				"body": {
					"mode": "raw",
					"raw": ""
				},
				"url": {
					"raw": "https://protectapi{{region-code}}.cylance.com/instaqueries/v2/{{query_id}}/archive",
					"protocol": "https",
					"host": [
						"protectapi{{region-code}}",
						"cylance",
						"com"
					],
					"path": [
						"instaqueries",
						"v2",
						"{{query_id}}",
						"archive"
					]
				}
			},
			"response": []
		}
	],
	"event": [
		{
			"listen": "prerequest",
			"script": {
				"id": "f7f432ce-8faa-46d2-91cc-4669854b9d01",
				"type": "text/javascript",
				"exec": [
					""
				]
			}
		},
		{
			"listen": "test",
			"script": {
				"id": "a0f1440d-9b60-4a62-8bab-3412940fc2c7",
				"type": "text/javascript",
				"exec": [
					""
				]
			}
		}
	]
}